target_class,n,mean_age,mean_heart_rate,mean_respiratory_rate,mean_temperature,mean_spo2,mean_fev1_fvc,mean_symptom_duration
Asthma,700,36.94285714285714,88.44142857142857,24.22142857142857,37.00485714285715,94.37571428571428,66.84914285714287,8.997142857142856
Healthy,700,38.11857142857143,75.97714285714285,14.958571428571428,36.780857142857144,97.85,81.90757142857143,0.5971428571428572
Pneumonia,700,51.98142857142857,104.32285714285715,26.735714285714284,38.604,91.40714285714286,76.7402857142857,5.868571428571428
