,age,age,age,age,heart_rate,heart_rate,heart_rate,heart_rate,respiratory_rate,respiratory_rate,respiratory_rate,respiratory_rate,temperature,temperature,temperature,temperature,spo2,spo2,spo2,spo2,fev1_fvc_ratio,fev1_fvc_ratio,fev1_fvc_ratio,fev1_fvc_ratio,symptom_duration_days,symptom_duration_days,symptom_duration_days,symptom_duration_days
,mean,std,min,max,mean,std,min,max,mean,std,min,max,mean,std,min,max,mean,std,min,max,mean,std,min,max,mean,std,min,max
target_class,,,,,,,,,,,,,,,,,,,,,,,,,,,,
Asthma,36.948,10.316209615753605,18,60,90.813,10.880170339720067,61,122,22.9938,4.2432254892369965,12,34,37.001,0.340637940989209,36.0,38.0,94.0926,2.1030715208866333,88,99,65.13795999999999,8.111063858075703,45.0,84.8,9.604,5.412119936627578,1,35
Healthy,38.748,10.17465482068772,18,65,76.5084,7.422004221861772,58,98,15.294,1.875917858959374,11,21,36.78498,0.23525192516461696,36.0,37.3,97.9054,1.1192414307360388,95,100,82.19298,4.644431382653171,72.0,94.9,0.652,0.9947330791623225,0,5
Pneumonia,51.6984,15.24567884958608,18,85,104.6102,12.156669481505887,70,132,26.2902,4.096015066852848,16,38,38.61542,0.5959826026425026,36.8,40.5,90.5604,2.6270386571996402,84,98,76.87342,5.606434689317731,62.0,89.9,6.9358,4.10007810756059,1,21
