,age,age,age,age,heart_rate,heart_rate,heart_rate,heart_rate,respiratory_rate,respiratory_rate,respiratory_rate,respiratory_rate,temperature,temperature,temperature,temperature,spo2,spo2,spo2,spo2,fev1_fvc_ratio,fev1_fvc_ratio,fev1_fvc_ratio,fev1_fvc_ratio,symptom_duration_days,symptom_duration_days,symptom_duration_days,symptom_duration_days
,mean,std,min,max,mean,std,min,max,mean,std,min,max,mean,std,min,max,mean,std,min,max,mean,std,min,max,mean,std,min,max
target_class,,,,,,,,,,,,,,,,,,,,,,,,,,,,
Asthma,36.8362,10.23495580958142,18,60,91.1748,10.782499590516277,61,122,22.7574,4.135500660517734,12,34,37.00358,0.34749004801100897,36.0,38.0,94.0654,2.126788067837768,88,99,65.08834,8.350094062857714,45.0,85.0,10.01,5.431961086039553,1,35
Healthy,38.748,10.17465482068772,18,65,76.5084,7.422004221861772,58,98,15.294,1.875917858959374,11,21,36.78498,0.23525192516461696,36.0,37.3,97.9054,1.1192414307360388,95,100,82.19298,4.644431382653171,72.0,94.9,0.652,0.9947330791623225,0,5
Pneumonia,51.8146,15.152126722966836,18,85,105.2878,12.062291280440325,70,132,26.3354,4.219581473743886,16,38,38.77548,0.6170793522598179,37.0,40.5,90.4604,2.6569613713311186,84,98,76.78884000000001,5.6172564627613095,62.0,90.0,7.016,4.078071864745252,1,21
