,age,age,age,age,heart_rate,heart_rate,heart_rate,heart_rate,respiratory_rate,respiratory_rate,respiratory_rate,respiratory_rate,temperature,temperature,temperature,temperature,spo2,spo2,spo2,spo2,fev1_fvc_ratio,fev1_fvc_ratio,fev1_fvc_ratio,fev1_fvc_ratio,symptom_duration_days,symptom_duration_days,symptom_duration_days,symptom_duration_days
,mean,std,min,max,mean,std,min,max,mean,std,min,max,mean,std,min,max,mean,std,min,max,mean,std,min,max,mean,std,min,max
target_class,,,,,,,,,,,,,,,,,,,,,,,,,,,,
Asthma,36.3162,9.49540152337002,18,60,91.1912,10.437280772595185,62,122,22.235,4.288525771247986,12,35,37.03886,0.2844645574001865,36.1,38.3,94.689,2.341148264215444,86,100,65.76238000000001,9.736047702254348,45.0,85.9,9.0804,4.496663189073339,1,31
Healthy,38.8374,9.863042997140008,18,65,75.3748,7.209959893392811,58,98,15.4404,1.9363878122813862,11,22,36.83448,0.23902835921978502,36.0,37.7,98.1188,1.0307759503461302,94,100,82.39698,4.367866817075166,72.0,95.0,0.9684,0.8550717335603523,0,5
Pneumonia,52.5464,14.30275360873419,18,85,101.7036,12.300488097693048,68,130,24.8694,4.039159145332142,12,36,38.14232,0.5757389275205629,36.3,40.2,91.63,2.5686610527511755,84,99,76.5712,4.898147908198173,62.0,89.9,6.2274,2.766228414995553,1,18
